<?xml version="1.0" encoding="UTF-8"?>
<beans xmlns="http://www.springframework.org/schema/beans"
	xmlns:xsi="http://www.w3.org/2001/XMLSchema-instance"
	xmlns:context="http://www.springframework.org/schema/context"
	xmlns:tx="http://www.springframework.org/schema/tx"
	xmlns:aop="http://www.springframework.org/schema/aop" 
	xsi:schemaLocation="http://www.springframework.org/schema/beans 
						http://www.springframework.org/schema/beans/spring-beans-2.5.xsd
						http://www.springframework.org/schema/context
						http://www.springframework.org/schema/aop/spring-aop-2.5.xsd 
	 					http://www.springframework.org/schema/aop  
	 					http://www.springframework.org/schema/aop/spring-aop.xsd
	 					http://www.springframework.org/schema/tx 
	 					http://www.springframework.org/schema/tx/spring-tx-2.5.xsd
					    ">

	<import resource="/com/sportsRecipe/config/applicationContext-system.xml"/>

	<bean id="sessionFactory" class="org.springframework.orm.hibernate3.LocalSessionFactoryBean">
		<property name="configLocation" value="classpath:hibernate.cfg.xml" />
	</bean>
	
	
	<!-- 配置事务 -->
	<bean id="transactionManager"
		class="org.springframework.orm.hibernate3.HibernateTransactionManager">
		<property name="sessionFactory">
			<ref local="sessionFactory" />
		</property>
	</bean>
	
	<bean id="transactionInterceptor"
		class="org.springframework.transaction.interceptor.TransactionInterceptor">
		<!--  事务拦截器bean需要依赖注入一个事务管理器 -->
		<property name="transactionManager" ref="transactionManager" />
		<property name="transactionAttributes">
			<!--  下面定义事务传播属性-->
			<props>
				<prop key="get*">PROPAGATION_REQUIRED,readOnly</prop>
				 <prop key="add*">PROPAGATION_REQUIRED</prop>
				<prop key="*">PROPAGATION_REQUIRED</prop>
			</props>
		</property>
	</bean>

	<bean
		class="org.springframework.aop.framework.autoproxy.BeanNameAutoProxyCreator">
		<property name="beanNames">
			<value>*Service</value>
		</property>
		<property name="interceptorNames">
			<list>
				<value>transactionInterceptor</value>
			</list>
		</property>
	</bean>


	<!-- DAO定义 -->
	<bean id="baseDao" class="com.sportsRecipe.dao.BaseDao">
		<property name="sessionFactory">
			<ref bean="sessionFactory" />
		</property>
	</bean>

	<!-- Action 定义 -->
	<bean id="baseAction" class="com.sportsRecipe.action.BaseAction" scope="prototype">
	</bean>

	</beans>