<?xml version='1.0' encoding='UTF-8'?>

<!DOCTYPE hibernate-configuration PUBLIC
          "-//Hibernate/Hibernate Configuration DTD 3.0//EN"
          "http://hibernate.sourceforge.net/hibernate-configuration-3.0.dtd">

<!-- Generated by MyEclipse Hibernate Tools.                   -->
<hibernate-configuration>

<session-factory>
	<property name="myeclipse.connection.profile">sportsRecipe</property>


	<property name="connection.url">
		jdbc:mysql://localhost:3306/sports
	</property>
	<property name="connection.username">root</property>
	<property name="connection.password">111111</property>
	<property name="connection.characterEncoding">UTF-8</property>
	<property name="connection.autoReconnect">true</property> 
    <property name="connection.autoReconnectForPools">true</property> 
    <property name="connection.is-connection-validation-required">true</property> 
	<property name="connection.driver_class">
		com.mysql.jdbc.Driver
	</property>

	<property name="dialect">
		org.hibernate.dialect.MySQLDialect
	</property>
	<property name="hbm2ddl.auto">update</property>
	<property name="connection.autocommit">true</property><!--原来为false  -->


	
	<mapping resource="com/sportsRecipe/mapping/Userinfo.hbm.xml" />
	<mapping resource="com/sportsRecipe/mapping/Sportsinfo.hbm.xml" />
	<mapping resource="com/sportsRecipe/mapping/Shopinfo.hbm.xml" />
	<mapping resource="com/sportsRecipe/mapping/Role.hbm.xml" />
	<mapping resource="com/sportsRecipe/mapping/Recipe.hbm.xml" />
	<mapping resource="com/sportsRecipe/mapping/Foodinfo.hbm.xml" />
	
	




</session-factory>


</hibernate-configuration>