<?xml version="1.0" encoding="UTF-8"?>
<beans xmlns="http://www.springframework.org/schema/beans"
	xmlns:xsi="http://www.w3.org/2001/XMLSchema-instance"
	xsi:schemaLocation="http://www.springframework.org/schema/beans http://www.springframework.org/schema/beans/spring-beans.xsd">

	
	<!-- 		用户 部分			-->
	
	<!-- DAO定义 -->
	<!-- <bean id="userDao" class="com.sportsRecipe.dao.UserDao" parent="baseDao" />	 -->
	
	<!-- Service定义 -->
	<!-- <bean id="userService" class="com.sportsRecipe.service.UserService">
		<property name="userDao">
			<ref bean="userDao" />
		</property>
	</bean> -->

	 <!-- Action 定义 -->
	 <!-- <bean id="userAction" class="com.sportsRecipe.action.UserAction" scope="prototype">
		<property name="userService" ref="userService" />
	</bean> -->
	
	<!-- <bean id="loginOutAction" class="com.sportsRecipe.action.LoginOutAction" scope="prototype">
		
	</bean> -->
	
	
	<bean id="sessionFactory"
		class="org.springframework.orm.hibernate3.LocalSessionFactoryBean">
		<property name="configLocation" value="classpath:hibernate.cfg.xml">
		</property>
	</bean>

	
	
	<!-- 用户登陆 -->
	<bean id="UserinfoDAO" class="com.sportsRecipe.dao.Impl.UserinfoDaoImpl">
		<property name="sessionFactory" ref="sessionFactory"></property>
	</bean>
	<bean id="userinfoService" class="com.sportsRecipe.service.Impl.UserinfoServiceImpl">
		<property name="userinfoDao" ref="UserinfoDAO"></property>
	</bean>
	<bean id="userinfoAction" class="com.sportsRecipe.action.UserinfoAction">
		<property name="userinfoService" ref="userinfoService"></property>
	</bean>
	

	
</beans>