<?xml version="1.0" encoding="utf-8"?>
<!DOCTYPE hibernate-mapping PUBLIC "-//Hibernate/Hibernate Mapping DTD 3.0//EN"
"http://hibernate.sourceforge.net/hibernate-mapping-3.0.dtd">
<!-- 
    Mapping file autogenerated by MyEclipse Persistence Tools
-->
<hibernate-mapping>
    <class name="com.sportsRecipe.entity.Foodinfo" table="foodinfo" catalog="sports">
        <id name="foodId" type="java.lang.String">
            <column name="foodID" length="20" />
            <generator class="assigned" />
        </id>
        <property name="foodName" type="java.lang.String">
            <column name="foodName" length="20" not-null="true" />
        </property>
        <property name="foodDescribe" type="java.lang.String">
            <column name="foodDescribe" length="1000" not-null="true" />
        </property>
        <property name="level" type="java.lang.String">
            <column name="level" length="20" not-null="true" />
        </property>
        <set name="recipes" inverse="true">
            <key>
                <column name="foodID" length="20" not-null="true" />
            </key>
            <one-to-many class="com.sportsRecipe.entity.Recipe" />
        </set>
    </class>
</hibernate-mapping>
