<?xml version="1.0" encoding="utf-8"?>
<!DOCTYPE hibernate-mapping PUBLIC "-//Hibernate/Hibernate Mapping DTD 3.0//EN"
"http://hibernate.sourceforge.net/hibernate-mapping-3.0.dtd">
<!-- 
    Mapping file autogenerated by MyEclipse Persistence Tools
-->
<hibernate-mapping>
    <class name="com.sportsRecipe.entity.Recipe" table="recipe" catalog="sports">
        <composite-id name="id" class="com.sportsRecipe.entity.RecipeId">
            <key-many-to-one name="shopinfo" class="com.sportsRecipe.entity.Shopinfo">
                <column name="shopIdD" length="20" />
            </key-many-to-one>
            <key-many-to-one name="foodinfo" class="com.sportsRecipe.entity.Foodinfo">
                <column name="foodID" length="20" />
            </key-many-to-one>
        </composite-id>
    </class>
</hibernate-mapping>
