<?xml version="1.0" encoding="utf-8"?>
<!DOCTYPE hibernate-mapping PUBLIC "-//Hibernate/Hibernate Mapping DTD 3.0//EN"
"http://hibernate.sourceforge.net/hibernate-mapping-3.0.dtd">
<!-- 
    Mapping file autogenerated by MyEclipse Persistence Tools
-->
<hibernate-mapping>
    <class name="com.sportsRecipe.entity.Role" table="role" catalog="sports">
        <id name="roleId" type="java.lang.String">
            <column name="roleId" length="20" />
            <generator class="assigned" />
        </id>
        <property name="roleName" type="java.lang.String">
            <column name="roleName" length="30" not-null="true" />
        </property>
        <set name="userinfos" inverse="true">
            <key>
                <column name="roleId" length="20" not-null="true" />
            </key>
            <one-to-many class="com.sportsRecipe.entity.Userinfo" />
        </set>
    </class>
</hibernate-mapping>
