<?xml version="1.0" encoding="utf-8"?>
<!DOCTYPE hibernate-mapping PUBLIC "-//Hibernate/Hibernate Mapping DTD 3.0//EN"
"http://hibernate.sourceforge.net/hibernate-mapping-3.0.dtd">
<!-- 
    Mapping file autogenerated by MyEclipse Persistence Tools
-->
<hibernate-mapping>
    <class name="com.sportsRecipe.entity.Shopinfo" table="shopinfo" catalog="sports">
        <id name="shopId" type="java.lang.String">
            <column name="shopID" length="20" />
            <generator class="assigned" />
        </id>
        <property name="shopName" type="java.lang.String">
            <column name="shopName" length="20" not-null="true" />
        </property>
        <property name="shopAddress" type="java.lang.String">
            <column name="shopAddress" length="30" not-null="true" />
        </property>
        <set name="recipes" inverse="true">
            <key>
                <column name="shopIdD" length="20" not-null="true" />
            </key>
            <one-to-many class="com.sportsRecipe.entity.Recipe" />
        </set>
    </class>
</hibernate-mapping>
