<?xml version="1.0" encoding="utf-8"?>
<!DOCTYPE hibernate-mapping PUBLIC "-//Hibernate/Hibernate Mapping DTD 3.0//EN"
"http://hibernate.sourceforge.net/hibernate-mapping-3.0.dtd">
<!-- 
    Mapping file autogenerated by MyEclipse Persistence Tools
-->
<hibernate-mapping>
    <class name="com.sportsRecipe.entity.Sportsinfo" table="sportsinfo" catalog="sports">
        <id name="sportsId" type="java.lang.String">
            <column name="sportsID" length="20" />
            <generator class="assigned" />
        </id>
        <many-to-one name="userinfo" class="com.sportsRecipe.entity.Userinfo" fetch="select">
            <column name="userId" length="20" not-null="true" />
        </many-to-one>
        <property name="speed" type="java.lang.String">
            <column name="speed" length="20" not-null="true" />
        </property>
        <property name="pathLength" type="java.lang.String">
            <column name="PathLength" length="30" not-null="true" />
        </property>
    </class>
</hibernate-mapping>
