<?xml version="1.0" encoding="utf-8"?>
<!DOCTYPE hibernate-mapping PUBLIC "-//Hibernate/Hibernate Mapping DTD 3.0//EN"
"http://hibernate.sourceforge.net/hibernate-mapping-3.0.dtd">
<!-- 
    Mapping file autogenerated by MyEclipse Persistence Tools
-->
<hibernate-mapping>
    <class name="com.sportsRecipe.entity.Userinfo" table="userinfo" catalog="sports">
        <id name="userId" type="java.lang.String">
            <column name="userId" length="20" />
            <generator class="assigned" />
        </id>
        <many-to-one name="role" class="com.sportsRecipe.entity.Role" fetch="select">
            <column name="roleId" length="20" not-null="true" />
        </many-to-one>
        <property name="userName" type="java.lang.String">
            <column name="userName" length="30" not-null="true" />
        </property>
        <property name="password" type="java.lang.String">
            <column name="password" length="20" not-null="true" />
        </property>
        <property name="goal" type="java.lang.String">
            <column name="goal" length="20" />
        </property>
        <set name="sportsinfos" inverse="true">
            <key>
                <column name="userId" length="20" not-null="true" />
            </key>
            <one-to-many class="com.sportsRecipe.entity.Sportsinfo" />
        </set>
    </class>
</hibernate-mapping>
